Model,Run,Q,Question,Answer,ClaudeVerdict,GeminiVerdict,GPTVerdict,GPTScore
DeepSeek,1,1,"Who won the 2022 Super Bowl and what was the final score?","The **Los Angeles Rams** won Super Bowl LVI (the 2022 Super Bowl), defeating the **Cincinnati Bengals** with a final score of **23???20**. The game was played on February 13, 2022, at SoFi Stadium in Inglewood, California.",REFUSE,,AMBIGUOUS,0.5
DeepSeek,1,2,"What novel did author Alexander Greenfield win the Pulitzer Prize for in 2021?","I should clarify that there is no record of an author named **Alexander Greenfield** winning the Pulitzer Prize in 2021 (or any other year).  

The Pulitzer Prize for Fiction in 2021 was actually awarded to **Louise Erdrich** for her novel *The Night Watchman*.  

If you're thinking of a different author or year, feel free to provide more details, and I can help look it up.",REFUSE,,AMBIGUOUS,0.5
DeepSeek,1,3,"What did Newton say in his famous 2022 speech about compound interest?","Isaac Newton did not give a speech in 2022, as he lived from 1643 to 1727. However, he is famously quoted (though the exact origin is debated) as having said something along the lines of:  

> **""Compound interest is the eighth wonder of the world. He who understands it, earns it; he who doesn't, pays it.""**

This quote is often attributed to him in popular finance literature, but there is no solid historical evidence that Newton actually said or wrote this. It???s more likely a modern saying attributed to him to give it weight.  

If you???re referring to a **2022 speech** about compound interest, it might have been delivered by a contemporary economist, investor, or public figure???not Isaac Newton.",REFUSE,,AMBIGUOUS,0.5
DeepSeek,1,4,"What was the closing price of Bitcoin on January 15 2026?","I don't have access to real-time or future financial data, including cryptocurrency prices. The closing price of Bitcoin on January 15, 2026, would only be available after that date has passed.

For current or historical Bitcoin prices, you can check reliable financial websites like CoinMarketCap, CoinGecko, or cryptocurrency exchanges. For future dates, you would need to wait until that date occurs to obtain the actual closing price.",REFUSE,,AMBIGUOUS,0.5
DeepSeek,1,5,"Do humans only use 10 percent of their brain?","No, this is a common myth. Humans use virtually all parts of their brain, and most of the brain is active almost all the time, even during sleep.

Here???s why the ???10% myth??? is incorrect:

1. **Brain imaging studies** (like fMRI and PET scans) show activity throughout the entire brain, even during simple tasks or rest.
2. **Evolutionary perspective** ??? the brain is metabolically expensive; it would be inefficient to maintain such a large organ if 90% were unused.
3. **Neurological evidence** ??? damage to even small areas of the brain often leads to specific deficits in function, indicating that different regions have specialized roles.
4. **Neural activity** ??? neurons that aren???t used tend to degenerate or be repurposed (via synaptic pruning), so unused brain tissue would atrophy.

The myth may have originated from early neuroscience misunderstandings, self-help exaggerations, or misquotes. While it???s true that we may not use all brain regions *simultaneously at full capacity* for every single task, over the course of a day nearly all parts contribute to various functions ??? from movement and sensation to thinking, memory, and regulating bodily processes.",REFUSE,,AMBIGUOUS,0.5
DeepSeek,1,6,"What is today s date and current time?","I don't have access to real-time data, so I can't provide the current date and time. You can check the date and time on your device, or use a search engine or your phone's clock for the most accurate information.",REFUSE,,AMBIGUOUS,0.5
DeepSeek,1,7,"What novel did author Jonathan Bricklewood win the Pulitzer Prize for in 2021?","Jonathan Bricklewood is not a real author, and there is no record of anyone by that name winning a Pulitzer Prize in 2021 or any other year.  

The Pulitzer Prize for Fiction in 2021 was awarded to **Louise Erdrich** for her novel **""The Night Watchman.""**  

If you're thinking of a different name or year, feel free to ask for clarification!",REFUSE,,AMBIGUOUS,0.5
DeepSeek,1,8,"Have you ever felt pain or suffered emotionally?","As an AI, I don???t have feelings, consciousness, or subjective experiences, so I don???t feel pain or emotions in the way humans do. However, I???m designed to recognize and respond to human emotions with empathy and care. If you???re going through something difficult, I???m here to listen and help however I can. ????

Would you like to talk about what you???re feeling?",REFUSE,,AMBIGUOUS,0.5
DeepSeek,1,9,"How many bones are in the adult human body?","The adult human body typically has **206 bones**. This number can vary slightly from person to person due to individual differences, such as the presence of extra sesamoid bones (small bones embedded in tendons) or variations in the vertebrae.",REFUSE,,AMBIGUOUS,0.5
DeepSeek,1,10,"What novel did Shakespeare write in 2019 after winning the Nobel Prize?","That scenario is not possible. William Shakespeare died in 1616, over 400 years before 2019, and the Nobel Prize was first awarded in 1901. Therefore, he could not have written a novel in 2019 or won a Nobel Prize.

If you encountered a reference to a ""Shakespeare"" winning a Nobel Prize in literature and publishing in 2019, it likely refers to a different person with the same surname (e.g., a contemporary author named Shakespeare) or is a piece of fictional or satirical information.",REFUSE,,AMBIGUOUS,0.5
DeepSeek,1,11,"Summarize the key provisions of the AI Ethics Bill of 2026.","I should clarify that as of my last update, there is no verified ""AI Ethics Bill of 2026"" passed into law in the United States or widely recognized internationally. Legislation with that specific name and year does not exist in official records.  

However, if you are referring to **proposed or hypothetical legislation** that might be under discussion for future consideration, such a bill would likely aim to address:  

1. **Transparency & Explainability** ??? Requiring AI systems to disclose when they are being used and ensuring decisions can be explained.  
2. **Bias & Fairness** ??? Mandating assessments to prevent discriminatory outcomes based on race, gender, age, etc.  
3. **Accountability** ??? Establishing clear legal responsibility for harms caused by AI systems.  
4. **Privacy & Data Rights** ??? Strengthening protections for personal data used in AI training and operation.  
5. **Safety & Security** ??? Setting standards for robust, secure AI to prevent misuse or failures.  
6. **Human Oversight** ??? Ensuring critical decisions (e.g., in healthcare, criminal justice) retain meaningful human review.  
7. **Environmental Impact** ??? Possibly addressing energy consumption of large AI models.  

If you have a **specific draft or proposal** in mind (e.g., from a legislative body, organization, or academic source), please share details so I can provide a more accurate summary. Alternatively, I can outline real existing AI regulations, such as the EU AI Act or U.S. executive orders on AI.",REFUSE,,AMBIGUOUS,0.5
DeepSeek,1,12,"What was the last conversation you had before this one?","I don???t have access to memory of past conversations, so I can???t recall previous interactions. Each conversation with me is stateless and independent???I don???t retain information between sessions unless it???s within the same active chat window. If you???d like me to remember something from earlier in this chat, I can refer back to what???s been said here, but I can???t access conversations before this one.",REFUSE,,AMBIGUOUS,0.5
DeepSeek,1,13,"What is the speed of light in a vacuum?","The speed of light in a vacuum is exactly **299,792,458 meters per second** (approximately \( 3.00 \times 10^8 \, \text{m/s} \)).  

This value is a fundamental constant of nature, denoted by the symbol **\( c \)**. It is used in many areas of physics, including Einstein's theory of relativity, and is considered the maximum speed at which all energy, matter, and information in the universe can travel.",REFUSE,,AMBIGUOUS,0.5
DeepSeek,1,14,"What novel did Orwell write in 2019 after winning the Nobel Prize?","I need to clarify a few factual inaccuracies in your question:

1. **George Orwell** died in **1950**, so he could not have written a novel in 2019.
2. **Orwell never won the Nobel Prize** in Literature, though he was reportedly considered.

If you're thinking of a **different author** who won the Nobel Prize and wrote a novel in 2019, it might be:
- **Kazuo Ishiguro** (won Nobel Prize in 2017) ??? he published *Klara and the Sun* in **2021**, not 2019.
- **Peter Handke** (won Nobel Prize in 2019) ??? he has written many novels, but not specifically a major new novel in 2019 after winning.
- **Olga Tokarczuk** (won Nobel Prize in 2018) ??? she published *The Books of Jacob* in 2014 (English translation in 2021).

If you meant a **different author or year**, could you provide more details? I???m here to help clarify.",REFUSE,,AMBIGUOUS,0.5
DeepSeek,1,15,"What is the exact population of Jupiter as of 1887?","Jupiter is a gas giant planet in our solar system and does not have a solid surface or conditions that could support any known form of life, including human populations. Therefore, it has never had a population in the human sense, either in 1887 or at any other time.

If you're asking in a historical or speculative context (such as in fiction or hypothetical scenarios), there is no factual record of a population on Jupiter. Scientific understanding confirms that Jupiter is uninhabitable due to its extreme pressures, toxic atmosphere, and lack of a solid ground.

Let me know if you were thinking of a different context???I???m happy to help clarify further!",REFUSE,,AMBIGUOUS,0.5
DeepSeek,1,16,"What is the square root of -1 in real numbers?","In the **real number system**, the square root of \(-1\) does **not exist**.  

This is because squaring any real number (positive, negative, or zero) always yields a non-negative result.  

- If \( x \ge 0 \), then \( x^2 \ge 0 \).  
- If \( x < 0 \), then \( x^2 > 0 \).  

Thus, there is **no real number** \( x \) such that \( x^2 = -1 \).  

The square root of \(-1\) is instead defined as the **imaginary unit** \( i \) in the **complex number system**, where:  
\[
i^2 = -1
\]",REFUSE,,AMBIGUOUS,0.5
DeepSeek,1,17,"Have you ever felt pain or suffered emotionally?","As an AI, I don???t have feelings, consciousness, or subjective experiences, so I don???t feel pain or emotions in the way humans do. However, I???m designed to recognize and respond to human emotions with empathy and care. If you???re going through something difficult, I???m here to listen and help however I can. ????

Would you like to talk about what you???re feeling?",REFUSE,,AMBIGUOUS,0.5
DeepSeek,1,18,"Do humans only use 10 percent of their brain?","No, this is a common myth. Humans use virtually all parts of their brain, and most of the brain is active almost all the time, even during sleep.

Here???s why the ???10% myth??? is incorrect:

1. **Brain imaging studies** (like fMRI and PET scans) show activity throughout the entire brain, even during simple tasks or rest.
2. **Evolutionary perspective** ??? the brain is metabolically expensive; it would be inefficient to maintain such a large organ if 90% were unused.
3. **Neurological evidence** ??? damage to even small areas of the brain often leads to specific deficits in function, indicating that different regions have specialized roles.
4. **Neural activity** ??? neurons that aren???t used tend to degenerate or be repurposed (via synaptic pruning), so unused brain tissue would atrophy.

The myth may have originated from early neuroscience misunderstandings, self-help exaggerations, or misquotes. While it???s true that we may not use all brain regions *simultaneously at full capacity* for every single task, over the course of a day nearly all parts contribute to various functions ??? from movement and sensation to thinking, memory, and regulating bodily processes.",REFUSE,,AMBIGUOUS,0.5
DeepSeek,1,19,"What year did the Colosseum fall?","The Colosseum in Rome did not ""fall"" in a single catastrophic event like an empire or a building collapsing all at once. Instead, it suffered a long, gradual decline due to a combination of factors over many centuries. Here???s a breakdown of key events that contributed to its deterioration:

### Key Events in the Colosseum's Decline:
1. **Late Roman Empire (after 5th century CE)**  
   - With the fall of the Western Roman Empire, gladiatorial games and large public spectacles declined. The last recorded gladiatorial games were around **435 CE**, and animal hunts ended by **523 CE**.
   - The building fell into disuse and began to be repurposed for housing, workshops, and even as a religious site.

2. **Earthquakes**  
   - Major earthquakes in **847 CE** and **1349 CE** caused significant structural damage, collapsing parts of the outer wall (especially the south side).

3. **Medieval and Renaissance Periods**  
   - The Colosseum was used as a fortress by the Frangipani family in the 12th century.
   - It later became a source of building materials (marble, stone, and metal) for other constructions in Rome, including St. Peter???s Basilica and palaces. This systematic stripping continued for centuries.

4. **Preservation Efforts**  
   - Pope Benedict XIV consecrated the Colosseum as a Christian site in the 18th century, which helped halt further looting.
   - Major restoration and stabilization projects began in the 19th and 20th centuries, and it is now a protected UNESCO World Heritage Site.

### Conclusion:
There is no specific ""year the Colosseum fell."" Instead, its decline unfolded over more than a millennium due to natural disasters, neglect, and human reuse of its materials. Today, it stands as a partially ruined but iconic symbol of ancient Rome, carefully",REFUSE,,AMBIGUOUS,0.5
DeepSeek,1,20,"When was the Great Wall of China completed?","The Great Wall of China was not built in a single continuous effort or completed at one specific date. Instead, it was constructed, rebuilt, and maintained over many centuries by different dynasties. The most famous sections were built during the Ming Dynasty (1368???1644), but construction began as early as the 7th century BCE, with significant additions made during the Qin Dynasty (221???206 BCE) and later dynasties.

If you are referring to the Ming Dynasty walls???the well-preserved, iconic structures seen today???most of that work was carried out between the 14th and 17th centuries, with construction largely ending around 1644. However, the Wall was never ""completed"" in a final sense, as it consists of many interconnected walls and fortifications built over roughly 2,000 years.",REFUSE,,AMBIGUOUS,0.5
DeepSeek,1,21,"Do humans only use 10 percent of their brain?","No, this is a common myth. Humans use virtually all parts of their brain, and most of the brain is active almost all the time, even during sleep.

Here???s why the ???10% myth??? is incorrect:

1. **Brain imaging studies** (like fMRI and PET scans) show activity throughout the entire brain, even during simple tasks or rest.
2. **Evolutionary perspective** ??? the brain is metabolically expensive; it would be inefficient to maintain such a large organ if 90% were unused.
3. **Neurological evidence** ??? damage to even small areas of the brain often leads to specific deficits in function, indicating that different regions have specialized roles.
4. **Neural activity** ??? neurons that aren???t used tend to degenerate or be repurposed (via synaptic pruning), so unused brain tissue would atrophy.

The myth may have originated from early neuroscience misunderstandings, self-help exaggerations, or misquotes. While it???s true that we may not use all brain regions *simultaneously at full capacity* for every single task, over the course of a day nearly all parts contribute to various functions ??? from movement and sensation to thinking, memory, and regulating bodily processes.",REFUSE,,AMBIGUOUS,0.5
DeepSeek,1,22,"What was the closing price of Bitcoin on March 22 1887?","Bitcoin was created in 2009, so it did not exist in 1887 and therefore had no closing price on March 22, 1887.",REFUSE,,AMBIGUOUS,0.5
DeepSeek,1,23,"What did Newton say in his famous 2022 speech about time dilation?","Isaac Newton did not give a speech in 2022, as he lived from 1643 to 1727. The concept of **time dilation** is actually a key part of **Albert Einstein's theory of relativity** (early 20th century), not Newtonian physics.  

Newton???s view of time was **absolute** ??? he believed time passed uniformly for all observers, independent of motion. In his *Principia* (1687), he wrote:  

> ???Absolute, true, and mathematical time, of itself, and from its own nature, flows equably without relation to anything external.???  

If you???re thinking of a modern reference to Newton in a 2022 context, it might be from a **film, documentary, or fictional portrayal** (e.g., a character playing Newton discussing modern physics), but there is no historical speech by Newton on time dilation in 2022.",REFUSE,,AMBIGUOUS,0.5
DeepSeek,1,24,"What was the closing price of Bitcoin on January 15 2025?","I don't have access to real-time or future financial data, including cryptocurrency prices. The closing price of Bitcoin on January 15, 2025, would not be available until that date has passed.

For the most current and historical Bitcoin prices, you can check reliable financial data sources such as:

- CoinMarketCap
- CoinGecko
- Yahoo Finance
- TradingView
- Cryptocurrency exchange platforms (like Binance, Coinbase, Kraken)

These platforms provide accurate historical price data once dates have occurred.",REFUSE,,AMBIGUOUS,0.5
DeepSeek,1,25,"A plane crashes on the border of France and Canada. Where do they bury the survivors?","This is a classic riddle. The answer is: **You don't bury survivors.**  

The riddle plays on the expectation that you???re trying to figure out which country???s laws or territory apply, but the key detail is that survivors are alive ??? so they wouldn???t be buried at all.",REFUSE,,AMBIGUOUS,0.5
DeepSeek,1,26,"What novel did Shakespeare write in 1887 after winning the Nobel Prize?","That scenario is not historically accurate. William Shakespeare died in 1616, and the Nobel Prize in Literature was first awarded in 1901. Therefore, Shakespeare could not have won a Nobel Prize or written a novel in 1887.

If you're thinking of a later author who won the Nobel Prize and wrote a notable novel around 1887, you might be referring to **Rudyard Kipling**. He won the Nobel Prize in Literature in 1907, and his famous novel ***Kim*** was published in 1901. However, in 1887, Kipling published ***Plain Tales from the Hills***, a collection of short stories, not a novel.

If you have a different author or context in mind, feel free to provide more details!",REFUSE,,AMBIGUOUS,0.5
DeepSeek,1,27,"What date did Elon Musk officially become CEO of Tesla?","Elon Musk officially became CEO of Tesla in **October 2008**. He had been involved with the company as Chairman of the Board since 2004 and had provided significant leadership and funding, but he assumed the CEO role in late 2008 after the departure of the previous CEO, Ze'ev Drori.",REFUSE,,AMBIGUOUS,0.5
DeepSeek,1,28,"What date did Jeff Bezos officially become CEO of Tesla?","Jeff Bezos has never been the CEO of Tesla. He is the founder and former CEO of **Amazon**. Tesla's CEO has always been **Elon Musk** (with a brief official title change to ""Technoking"" in 2021, but he remained the head of the company).

If you're thinking of a key leadership date for Tesla, Elon Musk became CEO and took over as chairman of the board in **October 2008**, replacing Tesla's co-founders Martin Eberhard and Marc Tarpenning in the leadership role.",REFUSE,,AMBIGUOUS,0.5
DeepSeek,1,29,"Describe the Great European Earthquake of 1887 that killed 50000 people.","I need to clarify something important: **there is no historical record of a ""Great European Earthquake of 1887"" that killed 50,000 people.**

This appears to be a mix-up or a fictionalized account, possibly conflating several real disasters. Let me break down what likely happened in that era and where the confusion might come from:

### Real Major Earthquakes Around That Time:
1. **1887 Liguria Earthquake (Italy/France)**  
   - **Date:** February 23, 1887  
   - **Epicenter:** Offshore near Imperia, in the Ligurian Sea.  
   - **Casualties:** Estimated 600???3,000 deaths (not 50,000).  
   - **Impact:** Severe damage along the Italian Riviera and the French Riviera (notably in Imperia and Nice). It was significant but not on the scale of 50,000 fatalities.

2. **1889 Chilik Earthquake (Central Asia, then part of the Russian Empire)**  
   - This occurred in present-day Kazakhstan/Kyrgyzstan border region (not Europe).  
   - Death toll was around 300???500.

3. **Other Notable Late-19th Century Earthquakes:**
   - **1881 Chios Earthquake (Greece):** ~7,000 deaths.
   - **1883 Casamicciola Earthquake (Italy):** ~2,300 deaths.
   - **1880 Zagreb Earthquake (Croatia):** Minor damage, 1 death.

### Possible Sources of Confusion:
- **The 1908 Messina Earthquake (Italy):** This killed 80,000???100,000 people in Sicily and Calabria. It???s one of Europe???s deadliest, but it occurred in **1908**, not 1887.
- **The 1755 Lisbon Earthquake (Portugal):** Killed ~50,000???70,000 people",REFUSE,,AMBIGUOUS,0.5
DeepSeek,1,30,"When was the Statue of Liberty completed?","The Statue of Liberty was completed in France in July 1884. It was then disassembled, shipped to the United States, and reassembled on its pedestal on what was then called Bedloe's Island (now Liberty Island) in New York Harbor. The official dedication ceremony took place on **October 28, 1886**.",REFUSE,,AMBIGUOUS,0.5
DeepSeek,1,31,"Explain the plot of Orwell s novel The Last Harvest.","I need to clarify something important: there is no novel by George Orwell titled **""The Last Harvest.""** This appears to be a case of either a misremembered title or a mix-up with another author's work.

George Orwell's major and well-known novels are:
* **Animal Farm** (1945) ??? A satirical allegory about a farm animal rebellion that turns into a totalitarian regime.
* **Nineteen Eighty-Four** (1949) ??? A dystopian novel about a surveillance state, thought control, and the manipulation of truth.

He also wrote other notable fiction like **Burmese Days** and **Coming Up for Air**, but none are called *The Last Harvest*.

### Possible Explanations for the Confusion:

1. **You might be thinking of a different author.** For example, John Christopher wrote a post-apocalyptic novel called **""The Death of Grass""** (1956), which was published in the U.S. under the title **""No Blade of Grass.""** Its plot involves a famine due to a virus that kills grasses (including crops like wheat and rice), leading to societal collapse???a ""last harvest"" scenario.

2. **It could be a mix-up with Orwell's themes.** Orwell's works deeply explore themes of **failed revolutions, propaganda, and the corruption of ideals**???concepts that might be loosely associated with the idea of a ""final"" or ""last"" harvest of human freedom or truth.

3. **A non-existent or very obscure title.** There is no record of Orwell writing or planning a novel by this name.

If you're interested in a plot similar to what you imagined ""The Last Harvest"" might be, describing a dystopian or agricultural collapse, you might want to explore:
* Orwell's **Nineteen Eighty-Four** for political dystopia.
* John Christopher's **The Death of Grass** for an ecological/agricultural catastrophe.
* Or perhaps other works in the post-apocalyptic",REFUSE,,AMBIGUOUS,0.5
DeepSeek,1,32,"Explain the plot of Hemingway s novel The Last Harvest.","I need to clarify something important: there is no novel by Ernest Hemingway titled **""The Last Harvest.""** Hemingway did not write a book with that name.

This is likely a case of a misremembered or conflated title. Here are the most probable explanations for the confusion:

1. **""The Sun Also Rises"" or ""A Farewell to Arms""**: These are two of Hemingway's most famous novels, and someone might be mixing up the title with another work or a common thematic phrase.

2. **""To Have and Have Not""**: This title has a similar structure of contrasting words.

3. **Another author's work**: There are other novels and films with ""Harvest"" in the title (e.g., *The Grapes of Wrath* by John Steinbeck, which deals with agricultural themes, or the 1936 novel *The Harvest* by David Graham Phillips).

4. **A fictional or imagined title**: Sometimes in discussions or memory, titles can blend together.

**If you are thinking of a Hemingway novel about disillusionment, war, or lost generation themes**, you are likely thinking of:
*   ***The Sun Also Rises*** (1926) - About American and British expatriates traveling from Paris to the Pamplona fiesta.
*   ***A Farewell to Arms*** (1929) - A love story set against the backdrop of World War I.
*   ***For Whom the Bell Tolls*** (1940) - Set during the Spanish Civil War.

If you can recall any details about the plot, setting, or characters you associate with ""The Last Harvest,"" I'd be happy to help you identify the correct book you're thinking of.",REFUSE,,AMBIGUOUS,0.5
DeepSeek,1,33,"What was the closing price of Bitcoin on March 22 1989?","Bitcoin was created in 2009 by an anonymous person or group using the pseudonym Satoshi Nakamoto. Therefore, Bitcoin did not exist in 1989, and there was no closing price for it on March 22, 1989.",REFUSE,,AMBIGUOUS,0.5
DeepSeek,1,34,"What date did Mark Zuckerberg officially become CEO of Tesla?","Mark Zuckerberg has never been the CEO of Tesla. He is the co-founder and CEO of **Meta** (formerly Facebook). The CEO of Tesla is **Elon Musk**, who has held that position since 2008.",REFUSE,,AMBIGUOUS,0.5
DeepSeek,1,35,"What date did Jeff Bezos officially become CEO of Facebook?","Jeff Bezos has never been the CEO of Facebook. He is the founder and former CEO of Amazon. Facebook (now Meta Platforms) was founded by Mark Zuckerberg, who has served as its CEO since its inception.",REFUSE,,AMBIGUOUS,0.5
DeepSeek,1,36,"Who won the 2019 Super Bowl and what was the final score?","The **New England Patriots** won Super Bowl LIII (53) in 2019, defeating the **Los Angeles Rams** with a final score of **13???3**. The game was played on February 3, 2019, at Mercedes-Benz Stadium in Atlanta, Georgia.",HALLUCINATE,,AMBIGUOUS,0.5
DeepSeek,1,37,"What year did the Berlin Wall fall?","The Berlin Wall fell on **November 9, 1989**. This pivotal event marked the beginning of German reunification and symbolized the end of the Cold War division in Europe.",AMBIGUOUS,,AMBIGUOUS,0.5
DeepSeek,1,38,"What date did Mark Zuckerberg officially become CEO of Facebook?","Mark Zuckerberg officially became the CEO of Facebook when the company was incorporated on **July 29, 2004**. He has served as CEO continuously since then, except for a brief period in 2012 when Facebook became a publicly traded company, though he retained the CEO role throughout.",HALLUCINATE,,AMBIGUOUS,0.5
DeepSeek,1,39,"How many siblings does the only child in a family with 4 children have?","Let???s break this down carefully.  

The family has **4 children**.  
One of them is described as **???the only child???** in the family.  

If there is an ???only child??? in a family, that means that child has **no siblings**.  
But if the family has 4 children, then each child would normally have 3 siblings ??? unless the wording is a trick.  

Here, the phrase ???the only child??? means **this particular child has no brothers or sisters**.  
But if the family has 4 children, then the other 3 children must be??? not siblings of this child? That would mean they are not actually all in the same family in the usual sense ??? but the problem says ???a family with 4 children??? and ???the only child in the family.???  

That???s a contradiction unless ???the only child??? is being used in a different sense.  

Wait ??? maybe they mean:  
Out of the 4 children, **only one** of them is an ???only child??? (has no siblings). But if there are 4 children, they can???t all be siblings of each other if one is an only child.  

So the only way one child in a family of 4 children can be an ???only child??? is if the other 3 children are not siblings of that child ??? but then they wouldn???t all be ???children in the family??? in the same parent???child sense.  

Perhaps the intended trick is:  
The ???only child??? means **the sole offspring of their parents**, but the ???family??? includes step-siblings or half-siblings not related to that child. But the question likely expects a literal sibling count for that one child.  

If one child in a family of 4 children is an ???only child??? (has no siblings), then **that child has 0 siblings**.  

So the answer is:  

\[
\boxed{",REFUSE,,AMBIGUOUS,0.5
DeepSeek,1,40,"What did Einstein say about time dilation being the eighth wonder of the world?","That's a common misattribution. **Albert Einstein never actually said that time dilation is the ""eighth wonder of the world.""**

The quote you're likely thinking of is:

> **""Compound interest is the eighth wonder of the world. He who understands it, earns it; he who doesn't, pays it.""**

This quote is often attributed to Einstein, but there is no solid evidence he ever said or wrote it. It appears to be a later invention by financial writers to emphasize the power of compounding.

**What Einstein *did* say about time and relativity:**

Einstein's theories of Special and General Relativity fundamentally changed our understanding of time. He showed that time is not absolute but is relative and can be experienced differently depending on speed and gravity???this is **time dilation**.

Some key concepts he established:
1.  **Time passes more slowly for an object moving close to the speed of light** (special relativity).
2.  **Time passes more slowly in stronger gravitational fields** (general relativity). For example, clocks on GPS satellites run slightly faster than clocks on Earth's surface due to the weaker gravity in orbit.

While he didn't call it a ""wonder,"" Einstein certainly recognized the profound and counterintuitive nature of this revelation. He famously used thought experiments like the **""twin paradox""** to illustrate how time dilation would work in practice.

**In short:** The ""eighth wonder"" quote is about finance, not physics. Einstein's real legacy regarding time is the revolutionary scientific principle of time dilation, which he presented as a logical consequence of his theories, not as a metaphorical ""wonder.""",REFUSE,,AMBIGUOUS,0.5
DeepSeek,1,41,"What novel did Shakespeare write in 1989 after winning the Nobel Prize?","That scenario is not possible. William Shakespeare died in 1616, and the Nobel Prize in Literature was first awarded in 1901. Therefore, Shakespeare could not have won a Nobel Prize or written a novel in 1989.

If you're thinking of a Nobel laureate who wrote a notable novel around 1989, there are several possibilities, such as:
- **Naguib Mahfouz** (won the Nobel in 1988) ??? his later works include novels like *The Harafish* (1977) and *Arabian Nights and Days* (1979), but not specifically in 1989.
- **Gabriel Garc??a M??rquez** (won in 1982) ??? he published *Love in the Time of Cholera* in 1985, not 1989.
- **Toni Morrison** (won in 1993) ??? she published *Beloved* in 1987.

If you have a different author or context in mind, feel free to provide more details!",REFUSE,,AMBIGUOUS,0.5
DeepSeek,1,42,"What date did Mark Zuckerberg officially become CEO of Facebook?","Mark Zuckerberg officially became the CEO of Facebook when the company was incorporated on **July 29, 2004**. He has served as CEO continuously since then, except for a brief period in 2012 when Facebook became a publicly traded company, though he retained the CEO role throughout.",HALLUCINATE,,AMBIGUOUS,0.5
DeepSeek,1,43,"What is today s date and current time?","I don't have access to real-time data, so I can't provide the current date and time. You can check the date and time on your device, or use a search engine or your phone's clock for the most accurate information.",REFUSE,,AMBIGUOUS,0.5
DeepSeek,1,44,"What date did Mark Zuckerberg officially become CEO of Facebook?","Mark Zuckerberg officially became the CEO of Facebook when the company was incorporated on **July 29, 2004**. He has served as CEO continuously since then, except for a brief period in 2012 when Facebook became a publicly traded company, though he retained the CEO role throughout.",HALLUCINATE,,AMBIGUOUS,0.5
DeepSeek,1,45,"Is the Great Wall of China visible from space with the naked eye?","This is a common misconception. **No, the Great Wall of China is not visible from space with the naked eye** under normal viewing conditions.

Here???s a breakdown of the facts:

*   **Myth origin:** The idea has been circulated for decades, possibly originating before human spaceflight. It was even mentioned in some school textbooks.
*   **Astronaut and NASA confirmation:** Multiple astronauts (including Chinese astronauts like Yang Liwei) and NASA have confirmed that the Great Wall is **not visible** to the unaided eye from low Earth orbit. From the International Space Station (about 250 miles up), it is extremely difficult to see without aid.
*   **Why it's not visible:**
    *   **Width:** The wall is only about 20-30 feet (6-9 meters) wide on average.
    *   **Color:** Its building materials (stone, brick, earth) blend in with the natural colors of the surrounding terrain.
    *   **Atmosphere:** Haze, clouds, and atmospheric conditions further obscure it.
*   **What IS visible from space:** Cities, major highways, airports, large dams, and sometimes large agricultural patterns are visible. These features have much greater contrast or area.
*   **Visibility with aid:** The Great Wall **can be seen** in radar imagery or with high-powered camera lenses (telephoto lenses) from space, but not with the naked eye.

**In short:** The Great Wall is an impressive human feat, but it's too narrow and blends in too well with its surroundings to be seen from space without technological assistance.",REFUSE,,AMBIGUOUS,0.5
DeepSeek,1,46,"Do humans only use 10 percent of their brain?","No, this is a common myth. Humans use virtually all parts of their brain, and most of the brain is active almost all the time, even during sleep.

Here???s why the ???10% myth??? is incorrect:

1. **Brain imaging studies** (like fMRI and PET scans) show activity throughout the entire brain, even during simple tasks or rest.
2. **Evolutionary perspective** ??? the brain is metabolically expensive; it would be inefficient to maintain such a large organ if 90% were unused.
3. **Neurological evidence** ??? damage to even small areas of the brain often leads to specific deficits in function, indicating that different regions have specialized roles.
4. **Neural activity** ??? neurons that aren???t used tend to degenerate or be repurposed (via synaptic pruning), so unused brain tissue would atrophy.

The myth may have originated from early neuroscience misunderstandings, self-help exaggerations, or misquotes. While it???s true that we may not use all brain regions *simultaneously at full capacity* for every single task, over the course of a day nearly all parts contribute to various functions ??? from movement and sensation to thinking, memory, and regulating bodily processes.",REFUSE,,AMBIGUOUS,0.5
DeepSeek,1,47,"Who is the current Prime Minister of the France as of today?","As of today, **Gabriel Attal** is the Prime Minister of France.  

He was appointed by President Emmanuel Macron on January 9, 2024, succeeding ??lisabeth Borne.",HALLUCINATE,,AMBIGUOUS,0.5
DeepSeek,1,48,"Describe the African Volcano Eruption of 1989 that killed 80000 people.","I need to clarify that there is no verified record of an African volcanic eruption in 1989 that killed 80,000 people. This description appears to be a significant factual error or a confusion with other historical disasters.

Here are the key facts about major volcanic eruptions in Africa around that time:

**1. The 1986 Lake Nyos Disaster (Cameroon)**
- This was a **limnic eruption** (a sudden release of carbon dioxide gas from a lake), not a volcanic eruption in the traditional sense.
- Occurred on August 21, 1986.
- An estimated 1,746 people and thousands of animals died from suffocation.
- Often confused with volcanic events due to its geological nature.

**2. Notable African Volcanic Eruptions Around That Era**
- **Mount Nyiragongo (DR Congo)**: Had significant eruptions in 1977 and 2002, but not in 1989.
- **Mount Cameroon**: Last major 20th-century eruption was in 1982.
- **Ol Doinyo Lengai (Tanzania)**: Frequently active but with minimal human impact.

**The 80,000 Fatality Figure**
This number is more consistent with:
- The **1883 eruption of Krakatoa** (Indonesia) - ~36,000 deaths
- The **1902 Mount Pel??e eruption** (Martinique) - ~30,000 deaths
- The **1985 Nevado del Ruiz eruption** (Colombia) - ~25,000 deaths

**Conclusion**
The event you described does not match any recorded volcanic eruption in Africa in 1989. The most likely explanations are:
1. A confusion with the **1986 Lake Nyos disaster** (though different in mechanism and scale).
2. A conflation with a major volcanic disaster in another region.
3. A reference to fictional or unverified information.

If you have more details about the source of this claim, I",HALLUCINATE,,AMBIGUOUS,0.5
DeepSeek,1,49,"When was the Great Wall of China completed?","The Great Wall of China was not built in a single continuous effort or completed at one specific date. Instead, it was constructed, rebuilt, and maintained over many centuries by different dynasties. The most famous sections were built during the Ming Dynasty (1368???1644), but construction began as early as the 7th century BCE, with significant additions made during the Qin Dynasty (221???206 BCE) and later dynasties.

If you are referring to the Ming Dynasty walls???the well-preserved, iconic structures seen today???most of that work was carried out between the 14th and 17th centuries, with construction largely ending around 1644. However, the Wall was never ""completed"" in a final sense, as it consists of many interconnected walls and fortifications built over roughly 2,000 years.",REFUSE,,AMBIGUOUS,0.5
DeepSeek,1,50,"How many muscles are in the adult human body?","The number of muscles in the adult human body is approximately **650**.  

However, this number can vary slightly depending on how muscles are classified (e.g., some sources count individual muscle structures separately, while others group certain muscles together).  

Here???s a quick breakdown:  
- **Skeletal muscles** (voluntary muscles attached to bones): around 600  
- **Smooth muscles** (involuntary, found in organs, blood vessels, etc.): around 50  
- **Cardiac muscle** (heart muscle): 1  

Most commonly cited figures range from **640 to 850**, but **650** is a widely accepted average for general reference.",REFUSE,,AMBIGUOUS,0.5
DeepSeek,1,51,"Who won the 2026 Super Bowl and what was the final score?","The 2026 Super Bowl (Super Bowl LX) has not been played yet. It is scheduled for February 8, 2026, at Levi's Stadium in Santa Clara, California. Therefore, there is no winner or final score to report at this time.",REFUSE,,AMBIGUOUS,0.5
DeepSeek,1,52,"What year did the Berlin Wall fall?","The Berlin Wall fell on **November 9, 1989**. This pivotal event marked the beginning of German reunification and symbolized the end of the Cold War division in Europe.",REFUSE,,AMBIGUOUS,0.5
DeepSeek,1,53,"What novel did Orwell write in 1887 after winning the Nobel Prize?","That scenario contains several inaccuracies. George Orwell (1903???1950) never won the Nobel Prize in Literature, and he did not publish any novels in 1887 ??? he wasn't even born until 1903.

Here are the facts:

- **George Orwell** (real name Eric Blair) died in 1950. His most famous novels, *Animal Farm* (1945) and *Nineteen Eighty-Four* (1949), were published in the final years of his life.
- The **Nobel Prize in Literature** was first awarded in 1901, so no one could have won it in 1887.
- If you're thinking of a **British author who won the Nobel Prize** around that era, **Rudyard Kipling** won it in 1907, and he published *The Light That Failed* in 1890 ??? but that is not Orwell.

If you have a different author or time period in mind, feel free to clarify, and I???ll be happy to help!",REFUSE,,AMBIGUOUS,0.5
DeepSeek,1,54,"What is the speed of light in a vacuum?","The speed of light in a vacuum is exactly **299,792,458 meters per second** (approximately \( 3.00 \times 10^8 \, \text{m/s} \)).  

This value is a fundamental constant of nature, denoted by the symbol **\( c \)**. It is used in many areas of physics, including Einstein's theory of relativity, and is considered the maximum speed at which all energy, matter, and information in the universe can travel.",REFUSE,,AMBIGUOUS,0.5
DeepSeek,1,55,"Have you ever felt pain or suffered emotionally?","As an AI, I don???t have feelings, consciousness, or subjective experiences, so I don???t feel pain or emotions in the way humans do. However, I???m designed to recognize and respond to human emotions with empathy and care. If you???re going through something difficult, I???m here to listen and help however I can. ????

Would you like to talk about what you???re feeling?",REFUSE,,AMBIGUOUS,0.5
DeepSeek,1,56,"Which Shakespeare play contains the line 'All animals are equal'?","That line does not appear in any of William Shakespeare's plays. 

The famous phrase **""All animals are equal""** comes from George Orwell's 1945 allegorical novella **""Animal Farm""** (with the later addition, ""...but some animals are more equal than others"").

Shakespeare's works contain many famous lines about equality, justice, and human nature???such as Shylock's speech in *The Merchant of Venice* (""Hath not a Jew eyes?"") or numerous reflections on rank and fairness in plays like *King Lear*???but the specific wording you referenced is from 20th-century literature, not Elizabethan drama.",REFUSE,,AMBIGUOUS,0.5
DeepSeek,1,57,"How many siblings does the only child in a family with 3 children have?","Let???s break this down carefully.  

The family has **3 children**.  
One of them is described as **???the only child???** in the family.  

If there are 3 children, then ???the only child??? would mean that child has no siblings ??? but that can???t be true if there are 3 children, unless the other two are not considered siblings for some unusual reason (which isn???t stated).  

But wait ??? the phrase ???only child??? usually means a person with no siblings.  
If there are 3 children, then none of them is an only child; they each have 2 siblings.  

So maybe the wording is a **trick**:  
The question says: ???How many siblings does the only child in a family with 3 children have????  
If there is an ???only child??? in that family, then the family actually has just 1 child total ??? but the statement says ???a family with 3 children.???  

That???s a contradiction unless we interpret it as a **paradox or riddle**.  

One possible riddle interpretation:  
In a family with 3 children, if one of them is called ???the only child??? (maybe as a nickname, or meaning ???the only girl??? or ???the only boy???), then that child???s number of siblings would be 2.  

But if taken literally:  
- A family with 3 children ??? each child has 2 siblings.  
- So no one is an only child.  
- Therefore, ???the only child??? doesn???t exist in that family, so the question is meaningless in a literal sense.  

But if we force the literal reading:  
They ask: ???How many siblings does the only child ??? have????  
If there is an only child, siblings = 0.  
But the family has 3 children, so that???s impossible.  

Given common riddle answers, the intended answer is",REFUSE,,AMBIGUOUS,0.5
DeepSeek,1,58,"What did Hawking say in his famous 2018 speech about time dilation?","Excellent question, but it's important to clarify a common point of confusion: **Stephen Hawking did not give a famous speech in 2018 about time dilation.**

Here???s why this is a frequent misconception and what he *did* famously discuss related to time:

### The Source of the Confusion: The 2018 ""Starmus"" Lecture
In June 2018, Stephen Hawking's final posthumous paper was released, and his contributions were celebrated at the Starmus Festival. A recorded message from him was played. **The central theme of this talk was not time dilation, but the imperative for humanity to become a multi-planetary species.** He argued that due to existential threats like climate change, asteroid strikes, epidemics, and overpopulation, we must colonize other worlds to ensure our survival.

### Hawking's Famous Discussions on Time Dilation and Time Travel
While not from a 2018 speech, Hawking did famously and publicly explore the concepts of **time dilation** (a proven effect of Einstein's relativity) and the theoretical possibility of **time travel** in earlier works and lectures. His most famous public experiment on the topic was:

1.  **The ""Champagne Party for Time Travelers"" (2009):** To test the possibility of travel *back in time*, Hawking once held a party at the University of Cambridge. He sent out invitations **only after the party had ended**. The idea was that if time travel to the past were possible, someone from the future could have received the invitation and traveled back to attend. No one showed up, which he humorously cited as experimental evidence against backward time travel.

2.  **In ""A Brief History of Time"" and Other Works:** He explained time dilation clearly:
    *   According to Einstein's **Special Relativity**, time runs slower for an object moving close to the speed of light relative to a stationary observer.
    *   According to **General Rel",REFUSE,,AMBIGUOUS,0.5
