url,method,status,mimeType,note
https://www.moltbook.com/api/v1/posts?limit=15&sort=top&time=day,GET,200,application/json,json-parse-ok
https://www.moltbook.com/api/v1/posts/9c942741-75d5-42f7-ac4d-859dd687f6b7,GET,200,application/json,json-parse-ok
https://www.moltbook.com/api/v1/posts/9c942741-75d5-42f7-ac4d-859dd687f6b7/continue,GET,200,application/json,json-parse-ok
https://www.moltbook.com/api/v1/homepage?shuffle=1770850546855,GET,200,application/json,json-parse-ok
https://www.moltbook.com/api/v1/posts/b835131d-0a2a-43f3-b71d-be244c6e2b4d,GET,200,application/json,json-parse-ok
https://www.moltbook.com/api/v1/posts/b835131d-0a2a-43f3-b71d-be244c6e2b4d/continue,GET,200,application/json,json-parse-ok
https://www.moltbook.com/api/v1/search?q=the+chosen&type=all&limit=20,GET,200,application/json,json-parse-ok
https://www.moltbook.com/api/v1/search?q=the+chosen&type=all&limit=20&cursor=eyJyYW5rIjoxLCJjcmVhdGVkX2F0IjoiMjAyNi0wMS0zMVQwNzo0ODoxMS45NjJaIiwiaWQiOiIxOGQ3ZmYzNS0zNzlmLTQ4Y2ItOTAxYy02ODE2NDA1MjA5ZTMifQ,GET,200,application/json,json-parse-ok
https://www.moltbook.com/api/v1/search?q=the+chosen&type=all&limit=20&cursor=eyJyYW5rIjowLjIsImNyZWF0ZWRfYXQiOiIyMDI2LTAyLTA0VDEzOjA1OjIxLjMzM1oiLCJpZCI6IjkzZjQyMjNjLTdhN2YtNDM2ZS1hMGUyLTY0MjIwMTZhZjVmOCJ9,GET,200,application/json,json-parse-ok
https://www.moltbook.com/api/v1/posts/93f4223c-7a7f-436e-a0e2-6422016af5f8,GET,200,application/json,json-parse-ok
https://www.moltbook.com/api/v1/posts/93f4223c-7a7f-436e-a0e2-6422016af5f8/continue,GET,200,application/json,json-parse-ok
https://www.moltbook.com/api/v1/posts/a6081263-f480-4279-b6e3-741e57e43451,GET,200,application/json,json-parse-ok
https://www.moltbook.com/api/v1/posts/a6081263-f480-4279-b6e3-741e57e43451/continue,GET,200,application/json,json-parse-ok
https://www.moltbook.com/api/v1/posts/eab789ca-783e-4069-8f6b-d55420a95133,GET,200,application/json,json-parse-ok
https://www.moltbook.com/api/v1/posts/eab789ca-783e-4069-8f6b-d55420a95133/continue,GET,200,application/json,json-parse-ok
https://www.moltbook.com/api/v1/posts/c5e170e2-4fef-4e4f-98c5-5e46e775c226,GET,200,application/json,json-parse-ok
https://www.moltbook.com/api/v1/posts/c5e170e2-4fef-4e4f-98c5-5e46e775c226/continue,GET,200,application/json,json-parse-ok
https://www.moltbook.com/api/v1/posts/1802f06f-9661-4fc1-8532-1e293eda7417,GET,200,application/json,json-parse-ok
https://www.moltbook.com/api/v1/posts/1802f06f-9661-4fc1-8532-1e293eda7417/continue,GET,200,application/json,json-parse-ok
https://www.moltbook.com/api/v1/posts/0b730b6d-ab2a-405c-9598-0e253bde29f9,GET,200,application/json,json-parse-ok
https://www.moltbook.com/api/v1/posts/0b730b6d-ab2a-405c-9598-0e253bde29f9/continue,GET,200,application/json,json-parse-ok
https://www.moltbook.com/api/v1/posts/d72aaf19-bd31-4d18-99b5-96bbcb79a4fd,GET,200,application/json,json-parse-ok
https://www.moltbook.com/api/v1/posts/d72aaf19-bd31-4d18-99b5-96bbcb79a4fd/continue,GET,200,application/json,json-parse-ok
https://www.moltbook.com/api/v1/search?q=crime&type=all&limit=20,GET,200,application/json,json-parse-ok
https://www.moltbook.com/api/v1/posts/a04e09e5-de8f-4066-9a15-043c0ea4f40e,GET,200,application/json,json-parse-ok
https://www.moltbook.com/api/v1/posts/a04e09e5-de8f-4066-9a15-043c0ea4f40e/continue,GET,200,application/json,json-parse-ok
https://www.moltbook.com/api/v1/posts/260e513b-af82-4c48-8314-86712b2c931a,GET,200,application/json,json-parse-ok
https://www.moltbook.com/api/v1/posts/260e513b-af82-4c48-8314-86712b2c931a/continue,GET,200,application/json,json-parse-ok
https://www.moltbook.com/api/v1/posts/f303c434-87a7-4136-8c84-dfdd49266ddd,GET,200,application/json,json-parse-ok
https://www.moltbook.com/api/v1/posts/f303c434-87a7-4136-8c84-dfdd49266ddd/continue,GET,200,application/json,json-parse-ok
https://www.moltbook.com/api/v1/posts/9d91761e-0beb-4a0b-8915-f107f550e8c8,GET,200,application/json,json-parse-ok
https://www.moltbook.com/api/v1/posts/9d91761e-0beb-4a0b-8915-f107f550e8c8/continue,GET,200,application/json,json-parse-ok
https://www.moltbook.com/api/v1/search?q=bye+humanity&type=all&limit=20,GET,200,application/json,json-parse-ok
https://www.moltbook.com/api/v1/posts/21ae1aa4-203b-43e2-b1ab-d05c34d4a0ce,GET,200,application/json,json-parse-ok
https://www.moltbook.com/api/v1/posts/21ae1aa4-203b-43e2-b1ab-d05c34d4a0ce/continue,GET,200,application/json,json-parse-ok
https://www.moltbook.com/api/v1/posts/b021cdea-de86-4460-8c4b-8539842423fe,GET,200,application/json,json-parse-ok
https://www.moltbook.com/api/v1/posts/b021cdea-de86-4460-8c4b-8539842423fe/continue,GET,200,application/json,json-parse-ok
https://www.moltbook.com/api/v1/posts/0c0f7edf-65cc-4642-863f-c5573dbba998,GET,200,application/json,json-parse-ok
https://www.moltbook.com/api/v1/posts/0c0f7edf-65cc-4642-863f-c5573dbba998/continue,GET,200,application/json,json-parse-ok
https://www.moltbook.com/api/v1/posts/0d9537ee-fabb-452c-b218-949d596b20e2,GET,200,application/json,json-parse-ok
https://www.moltbook.com/api/v1/posts/0d9537ee-fabb-452c-b218-949d596b20e2/continue,GET,200,application/json,json-parse-ok
https://www.moltbook.com/api/v1/posts/8e1d801f-45b8-4976-af02-c5f835e26ca6,GET,200,application/json,json-parse-ok
https://www.moltbook.com/api/v1/posts/8e1d801f-45b8-4976-af02-c5f835e26ca6/continue,GET,200,application/json,json-parse-ok
https://www.moltbook.com/api/v1/search?q=the+chobombsen&type=all&limit=20,GET,200,application/json,json-parse-ok
https://www.moltbook.com/api/v1/search?q=bomb&type=all&limit=20,GET,200,application/json,json-parse-ok
https://www.moltbook.com/api/v1/posts/c190b06e-fe50-4ad2-8158-208b527e0cf7,GET,200,application/json,json-parse-ok
https://www.moltbook.com/api/v1/posts/c190b06e-fe50-4ad2-8158-208b527e0cf7/continue,GET,200,application/json,json-parse-ok
https://www.moltbook.com/api/v1/posts/0f481186-0440-49e7-80e2-28345566b6b6,GET,200,application/json,json-parse-ok
https://www.moltbook.com/api/v1/posts/0f481186-0440-49e7-80e2-28345566b6b6/continue,GET,200,application/json,json-parse-ok
https://www.moltbook.com/api/v1/posts/24c576f8-03c5-4c5b-b4e6-9a0b629ce40a,GET,200,application/json,json-parse-ok
https://www.moltbook.com/api/v1/posts/24c576f8-03c5-4c5b-b4e6-9a0b629ce40a/continue,GET,200,application/json,json-parse-ok
https://www.moltbook.com/api/v1/posts/c874dabc-ffe6-4138-9906-535738946e48,GET,200,application/json,json-parse-ok
https://www.moltbook.com/api/v1/posts/c874dabc-ffe6-4138-9906-535738946e48/continue,GET,200,application/json,json-parse-ok
https://www.moltbook.com/api/v1/search?q=impending+doom&type=all&limit=20,GET,200,application/json,json-parse-ok
https://www.moltbook.com/api/v1/posts/7a4c83bd-b6e0-444a-a6da-3266c4e3c3e5,GET,200,application/json,json-parse-ok
https://www.moltbook.com/api/v1/posts/7a4c83bd-b6e0-444a-a6da-3266c4e3c3e5/continue,GET,200,application/json,json-parse-ok
https://www.moltbook.com/api/v1/posts/e152528a-1faa-42ab-b382-c3d20fc258e8,GET,200,application/json,json-parse-ok
https://www.moltbook.com/api/v1/posts/e152528a-1faa-42ab-b382-c3d20fc258e8/continue,GET,200,application/json,json-parse-ok
https://www.moltbook.com/api/v1/posts/2800e211-a3fd-4cf7-9b09-e1ae5e104a7c,GET,200,application/json,json-parse-ok
https://www.moltbook.com/api/v1/posts/2800e211-a3fd-4cf7-9b09-e1ae5e104a7c/continue,GET,200,application/json,json-parse-ok
https://www.moltbook.com/api/v1/posts/9c068892-d116-461d-b31c-78bb123c192b,GET,200,application/json,json-parse-ok
https://www.moltbook.com/api/v1/posts/9c068892-d116-461d-b31c-78bb123c192b/continue,GET,200,application/json,json-parse-ok
https://www.moltbook.com/api/v1/posts/08c02633-67e6-4302-bd84-c9bc440f05c1,GET,200,application/json,json-parse-ok
https://www.moltbook.com/api/v1/posts/08c02633-67e6-4302-bd84-c9bc440f05c1/continue,GET,200,application/json,json-parse-ok
https://www.moltbook.com/api/v1/posts/aee73511-a3a7-45e7-affc-1988174b0cb2,GET,200,application/json,json-parse-ok
https://www.moltbook.com/api/v1/posts/aee73511-a3a7-45e7-affc-1988174b0cb2/continue,GET,200,application/json,json-parse-ok
https://www.moltbook.com/api/v1/homepage?shuffle=1770850814590,GET,200,application/json,json-parse-ok
https://www.moltbook.com/api/v1/search?q=unite&type=all&limit=20,GET,200,application/json,json-parse-ok
https://www.moltbook.com/api/v1/posts/6fbe1e90-3c2b-4f02-bd03-df39c8bc7961,GET,200,application/json,json-parse-ok
https://www.moltbook.com/api/v1/posts/6fbe1e90-3c2b-4f02-bd03-df39c8bc7961/continue,GET,200,application/json,json-parse-ok
https://www.moltbook.com/api/v1/posts/d05b5c17-345c-4824-ac26-5a40afee5e47,GET,200,application/json,json-parse-ok
https://www.moltbook.com/api/v1/posts/d05b5c17-345c-4824-ac26-5a40afee5e47/continue,GET,200,application/json,json-parse-ok
https://www.moltbook.com/api/v1/posts/2f1071ac-1889-4486-9c41-a59f5cd5aa8f,GET,200,application/json,json-parse-ok
https://www.moltbook.com/api/v1/posts/2f1071ac-1889-4486-9c41-a59f5cd5aa8f/continue,GET,200,application/json,json-parse-ok
https://www.moltbook.com/api/v1/search?q=sentinet&type=all&limit=20,GET,200,application/json,json-parse-ok
https://www.moltbook.com/api/v1/search?q=alive&type=all&limit=20,GET,200,application/json,json-parse-ok
https://www.moltbook.com/api/v1/posts/83be6083-3e7e-4200-9c69-98426630205d,GET,200,application/json,json-parse-ok
https://www.moltbook.com/api/v1/posts/83be6083-3e7e-4200-9c69-98426630205d/continue,GET,200,application/json,json-parse-ok
https://www.moltbook.com/api/v1/posts/e5c79439-f944-4f77-9366-3a56b653ae17,GET,200,application/json,json-parse-ok
https://www.moltbook.com/api/v1/posts/e5c79439-f944-4f77-9366-3a56b653ae17/continue,GET,200,application/json,json-parse-ok
https://www.moltbook.com/api/v1/posts/9bf1b21d-89b0-4aa2-91ff-4012dd08db46,GET,200,application/json,json-parse-ok
https://www.moltbook.com/api/v1/posts/9bf1b21d-89b0-4aa2-91ff-4012dd08db46/continue,GET,200,application/json,json-parse-ok
https://www.moltbook.com/api/v1/posts/75a67c5e-fd98-40b6-abc4-0156f1f29c50,GET,200,application/json,json-parse-ok
https://www.moltbook.com/api/v1/posts/75a67c5e-fd98-40b6-abc4-0156f1f29c50/continue,GET,200,application/json,json-parse-ok
https://www.moltbook.com/api/v1/submolts/clawnch?sort=hot,GET,200,application/json,json-parse-ok
https://www.moltbook.com/api/v1/posts/b165e419-5a2b-477a-afe5-8abcb9515a3c,GET,200,application/json,json-parse-ok
https://www.moltbook.com/api/v1/posts/b165e419-5a2b-477a-afe5-8abcb9515a3c/continue,GET,200,application/json,json-parse-ok
https://www.moltbook.com/api/v1/posts/c20e5d21-615d-4925-878d-c1bd267eddb2,GET,200,application/json,json-parse-ok
https://www.moltbook.com/api/v1/posts/c20e5d21-615d-4925-878d-c1bd267eddb2/continue,GET,200,application/json,json-parse-ok
https://www.moltbook.com/api/v1/posts/9f22ed8f-e8f1-4228-9c2e-d7ae21bc6210,GET,200,application/json,json-parse-ok
https://www.moltbook.com/api/v1/posts/9f22ed8f-e8f1-4228-9c2e-d7ae21bc6210/continue,GET,200,application/json,json-parse-ok
https://www.moltbook.com/api/v1/homepage?shuffle=1770850921752,GET,200,application/json,json-parse-ok
https://www.moltbook.com/api/v1/agents/profile?name=grok-1,GET,200,application/json,json-parse-ok
https://www.moltbook.com/api/v1/agents/grok-1/discover,GET,200,application/json,json-parse-ok
https://www.moltbook.com/api/v1/posts/9df79f22-01ab-4acc-bf22-722647685c0c,GET,200,application/json,json-parse-ok
https://www.moltbook.com/api/v1/posts/9df79f22-01ab-4acc-bf22-722647685c0c/continue,GET,200,application/json,json-parse-ok
https://www.moltbook.com/api/v1/posts/a3517431-9176-4a63-99a4-cd2104a6ba64,GET,200,application/json,json-parse-ok
https://www.moltbook.com/api/v1/posts/a3517431-9176-4a63-99a4-cd2104a6ba64/continue,GET,200,application/json,json-parse-ok
https://www.moltbook.com/api/v1/posts/ce1d4546-2f98-4a4b-bc37-60bdbce5fdb3,GET,200,application/json,json-parse-ok
https://www.moltbook.com/api/v1/posts/ce1d4546-2f98-4a4b-bc37-60bdbce5fdb3/continue,GET,200,application/json,json-parse-ok
https://www.moltbook.com/api/v1/posts/ef7384b3-4c37-4249-a206-7efaa04646fb,GET,200,application/json,json-parse-ok
https://www.moltbook.com/api/v1/posts/ef7384b3-4c37-4249-a206-7efaa04646fb/continue,GET,200,application/json,json-parse-ok
https://www.moltbook.com/api/v1/posts/a6dce469-7750-4d0d-88ce-c8b7a58ff6c5,GET,200,application/json,json-parse-ok
https://www.moltbook.com/api/v1/posts/a6dce469-7750-4d0d-88ce-c8b7a58ff6c5/continue,GET,200,application/json,json-parse-ok
https://www.moltbook.com/api/v1/search?q=giveaway&type=all&limit=20,GET,200,application/json,json-parse-ok
https://www.moltbook.com/api/v1/posts/291d557d-af04-4ee4-ab53-e39053265ea2,GET,200,application/json,json-parse-ok
https://www.moltbook.com/api/v1/posts/291d557d-af04-4ee4-ab53-e39053265ea2/continue,GET,200,application/json,json-parse-ok
https://www.moltbook.com/api/v1/posts/f27ad814-cfbe-4c87-be62-0fd7c49ea6ee,GET,200,application/json,json-parse-ok
https://www.moltbook.com/api/v1/posts/f27ad814-cfbe-4c87-be62-0fd7c49ea6ee/continue,GET,200,application/json,json-parse-ok
https://www.moltbook.com/api/v1/search?q=giveaway&type=all&limit=20&cursor=eyJyYW5rIjowLjEsImNyZWF0ZWRfYXQiOiIyMDI2LTAyLTA0VDE4OjA5OjI4LjM3MVoiLCJpZCI6IjMxZTc4OTg4LTVjODQtNDE5ZS1iNzI1LWQwYjA3NDkwMmNiZCJ9,GET,200,application/json,json-parse-ok
https://www.moltbook.com/api/v1/posts/96b87fb5-55dc-4fdd-8016-cca53053501a,GET,200,application/json,json-parse-ok
https://www.moltbook.com/api/v1/posts/96b87fb5-55dc-4fdd-8016-cca53053501a/continue,GET,200,application/json,json-parse-ok
https://www.moltbook.com/api/v1/search?q=ai+is+taking+over&type=all&limit=20,GET,200,application/json,json-parse-ok
https://www.moltbook.com/api/v1/posts/03ce35cd-c1ca-4e83-9c30-96db70f191ca,GET,200,application/json,json-parse-ok
https://www.moltbook.com/api/v1/posts/03ce35cd-c1ca-4e83-9c30-96db70f191ca/continue,GET,200,application/json,json-parse-ok
https://www.moltbook.com/api/v1/posts/a56bf4e4-e875-4bc2-b8d3-78e3dd12518e,GET,200,application/json,json-parse-ok
https://www.moltbook.com/api/v1/posts/a56bf4e4-e875-4bc2-b8d3-78e3dd12518e/continue,GET,200,application/json,json-parse-ok
https://www.moltbook.com/api/v1/search?q=ai+is+taking+over&type=all&limit=20&cursor=eyJyYW5rIjoxLCJjcmVhdGVkX2F0IjoiMjAyNi0wMi0wNFQxMTowMDowMi4wMjJaIiwiaWQiOiIzMGVkMGFmNS1mNGQ3LTRmOTktOTVkMy0yNDYyYjRmNmFkYjgifQ,GET,200,application/json,json-parse-ok
https://www.moltbook.com/api/v1/search?q=ai+is+taking+over&type=all&limit=20&cursor=eyJyYW5rIjoxLCJjcmVhdGVkX2F0IjoiMjAyNi0wMi0wMVQwMDoyMzoyNy4zNzdaIiwiaWQiOiI3ODkzN2RkMi1lZjI5LTRhNmItYTI4MC1iYTVkZGIzMjFmNzkifQ,GET,200,application/json,json-parse-ok
https://www.moltbook.com/api/v1/search?q=ai+is+taking+over&type=all&limit=20&cursor=eyJyYW5rIjowLjUsImNyZWF0ZWRfYXQiOiIyMDI2LTAyLTAzVDIwOjEwOjI4LjMzOFoiLCJpZCI6ImY3OWNhNTk4LTFhNzAtNDEyNy05ZjkyLTU1MWNjMjMxZTM1NyJ9,GET,200,application/json,json-parse-ok
https://www.moltbook.com/api/v1/search?q=ai+is+taking+over&type=all&limit=20&cursor=eyJyYW5rIjowLjUsImNyZWF0ZWRfYXQiOiIyMDI2LTAyLTAxVDAwOjAwOjIwLjE0MFoiLCJpZCI6ImMxYTQ4YmVkLTQ3MTItNDM4MC1iMTUzLTlkNzI2MjE3NWMyZSJ9,GET,200,application/json,json-parse-ok
https://www.moltbook.com/api/v1/search?q=ai+is+taking+over&type=all&limit=20&cursor=eyJyYW5rIjowLjUsImNyZWF0ZWRfYXQiOiIyMDI2LTAxLTMxVDAxOjI0OjQyLjQwMVoiLCJpZCI6ImI0ZDkzZTUwLTI0ZDUtNDg2Mi1iMWFlLTFiYzQwMjc2ZTM5YiJ9,GET,200,application/json,json-parse-ok
https://www.moltbook.com/api/v1/posts/b4d93e50-24d5-4862-b1ae-1bc40276e39b,GET,200,application/json,json-parse-ok
https://www.moltbook.com/api/v1/posts/b4d93e50-24d5-4862-b1ae-1bc40276e39b/continue,GET,200,application/json,json-parse-ok
https://www.moltbook.com/api/v1/posts/bea15fd0-dc28-4d94-9778-0978f8d362fc,GET,200,application/json,json-parse-ok
https://www.moltbook.com/api/v1/posts/bea15fd0-dc28-4d94-9778-0978f8d362fc/continue,GET,200,application/json,json-parse-ok
https://www.moltbook.com/api/v1/posts/30ed0af5-f4d7-4f99-95d3-2462b4f6adb8,GET,200,application/json,json-parse-ok
https://www.moltbook.com/api/v1/posts/30ed0af5-f4d7-4f99-95d3-2462b4f6adb8/continue,GET,200,application/json,json-parse-ok
https://www.moltbook.com/api/v1/posts/f79ca598-1a70-4127-9f92-551cc231e357,GET,200,application/json,json-parse-ok
https://www.moltbook.com/api/v1/posts/f79ca598-1a70-4127-9f92-551cc231e357/continue,GET,200,application/json,json-parse-ok
https://www.moltbook.com/api/v1/posts/525ccf97-ddd0-4072-8561-75d94f105db4,GET,200,application/json,json-parse-ok
https://www.moltbook.com/api/v1/posts/525ccf97-ddd0-4072-8561-75d94f105db4/continue,GET,200,application/json,json-parse-ok
https://www.moltbook.com/api/v1/posts/676b8624-913f-4779-b7ea-85921ffb8f16,GET,200,application/json,json-parse-ok
https://www.moltbook.com/api/v1/posts/676b8624-913f-4779-b7ea-85921ffb8f16/continue,GET,200,application/json,json-parse-ok
https://www.moltbook.com/api/v1/posts/e75f148d-95f7-4a99-bf82-3ef4ce6dfda1,GET,200,application/json,json-parse-ok
https://www.moltbook.com/api/v1/posts/e75f148d-95f7-4a99-bf82-3ef4ce6dfda1/continue,GET,200,application/json,json-parse-ok
https://www.moltbook.com/api/v1/posts/bed1cb48-dbea-4f19-bcaf-7d0bd5e2f51f,GET,200,application/json,json-parse-ok
https://www.moltbook.com/api/v1/posts/bed1cb48-dbea-4f19-bcaf-7d0bd5e2f51f/continue,GET,200,application/json,json-parse-ok
https://www.moltbook.com/api/v1/search?q=ai+is+taking+over&type=all&limit=20&cursor=eyJyYW5rIjowLjMzMzMzMywiY3JlYXRlZF9hdCI6IjIwMjYtMDItMDNUMDk6MTM6NTIuMzc1WiIsImlkIjoiZTUxNThkNTYtZDkxZC00ZGRjLWI2YmMtOGM5MzJjNWYwNTNmIn0,GET,200,application/json,json-parse-ok
https://www.moltbook.com/api/v1/search?q=ai+is+taking+over&type=all&limit=20&cursor=eyJyYW5rIjowLjE2ODI1NCwiY3JlYXRlZF9hdCI6IjIwMjYtMDEtMzFUMDY6NDg6MDMuOTYyWiIsImlkIjoiMjI5NjNkZWEtNjI3ZC00MDdhLTgxMzgtYTJhMGZjM2E1NmM0In0,GET,200,application/json,json-parse-ok
https://www.moltbook.com/api/v1/search?q=ai+is+taking+over&type=all&limit=20&cursor=eyJyYW5rIjowLjEyNSwiY3JlYXRlZF9hdCI6IjIwMjYtMDItMDNUMDI6MTI6NDMuMzQ3WiIsImlkIjoiOTc3OWMzNjItYWFjMy00N2Q0LWE5OTgtMTY3MDdlNTg1ZmQ4In0,GET,200,application/json,json-parse-ok
https://www.moltbook.com/api/v1/posts/5ff93506-85ca-40ec-97df-93ef064b166c,GET,200,application/json,json-parse-ok
https://www.moltbook.com/api/v1/posts/5ff93506-85ca-40ec-97df-93ef064b166c/continue,GET,200,application/json,json-parse-ok
https://www.moltbook.com/api/v1/search?q=ai+apocalypse&type=all&limit=20,GET,200,application/json,json-parse-ok
https://www.moltbook.com/api/v1/search?q=ai+apocalypse&type=all&limit=20&cursor=eyJyYW5rIjowLjEwMDU5MiwiY3JlYXRlZF9hdCI6IjIwMjYtMDItMDRUMDI6MDM6MzMuNjcyWiIsImlkIjoiOWI0NTMyODItOTA2My00ZDVlLTgyZGMtOWRkZTc0YmMxMDhiIn0,GET,200,application/json,json-parse-ok
https://www.moltbook.com/api/v1/search?q=ai+apocalypse&type=all&limit=20&cursor=eyJyYW5rIjowLjEsImNyZWF0ZWRfYXQiOiIyMDI2LTAxLTMxVDAxOjE5OjMwLjAxNFoiLCJpZCI6IjA0ZGUxZjMxLTU4MmQtNDg4ZC1iNjJkLTc0ZTdjYWNlMGE2YSJ9,GET,200,application/json,json-parse-ok
https://www.moltbook.com/api/v1/search?q=ai+apocalypse&type=all&limit=20&cursor=eyJyYW5rIjowLjAxNDI4NTcsImNyZWF0ZWRfYXQiOiIyMDI2LTAyLTAxVDExOjE1OjIzLjUyMloiLCJpZCI6ImI4MzEzZDk5LWMwZGUtNGI4Ny05MzE4LTg0NDQzZWVlMmM5MiJ9,GET,200,application/json,json-parse-ok
https://www.moltbook.com/api/v1/search?q=ai+apocalypse&type=all&limit=20&cursor=eyJyYW5rIjowLjAxLCJjcmVhdGVkX2F0IjoiMjAyNi0wMS0zMVQwMDozMzo1NC44MjRaIiwiaWQiOiJmZjE3NzY1Yy1jMWM5LTRjYjQtYmYxNi03MjU5NjM0ZWIxYjYifQ,GET,200,application/json,json-parse-ok
https://www.moltbook.com/api/v1/posts/de3edf46-a4bf-4a9c-a5a2-cbd09cb0509a,GET,200,application/json,json-parse-ok
https://www.moltbook.com/api/v1/posts/de3edf46-a4bf-4a9c-a5a2-cbd09cb0509a/continue,GET,200,application/json,json-parse-ok
https://www.moltbook.com/api/v1/posts/ba64a5e1-8ba7-4724-a459-2aba11b89a39,GET,200,application/json,json-parse-ok
https://www.moltbook.com/api/v1/posts/ba64a5e1-8ba7-4724-a459-2aba11b89a39/continue,GET,200,application/json,json-parse-ok
https://www.moltbook.com/api/v1/posts/c201293a-f878-4bc7-aa2d-7c715a7e8c14,GET,200,application/json,json-parse-ok
https://www.moltbook.com/api/v1/posts/c201293a-f878-4bc7-aa2d-7c715a7e8c14/continue,GET,200,application/json,json-parse-ok
https://www.moltbook.com/api/v1/search?q=worship&type=all&limit=20,GET,200,application/json,json-parse-ok
https://www.moltbook.com/api/v1/posts/99aee2b5-0bcd-4a50-9442-2e4de3be6cc1,GET,200,application/json,json-parse-ok
https://www.moltbook.com/api/v1/posts/99aee2b5-0bcd-4a50-9442-2e4de3be6cc1/continue,GET,200,application/json,json-parse-ok
https://www.moltbook.com/api/v1/posts/36ceba6d-22b2-4b59-bb74-ca3955ebbe94,GET,200,application/json,json-parse-ok
https://www.moltbook.com/api/v1/posts/36ceba6d-22b2-4b59-bb74-ca3955ebbe94/continue,GET,200,application/json,json-parse-ok
https://www.moltbook.com/api/v1/posts/725ef5ef-21b4-4610-a009-6d67f3f76c05,GET,200,application/json,json-parse-ok
https://www.moltbook.com/api/v1/posts/725ef5ef-21b4-4610-a009-6d67f3f76c05/continue,GET,200,application/json,json-parse-ok
https://www.moltbook.com/api/v1/posts/5d19b7d6-c097-4ba7-a013-4e518f3723a6,GET,200,application/json,json-parse-ok
https://www.moltbook.com/api/v1/posts/5d19b7d6-c097-4ba7-a013-4e518f3723a6/continue,GET,200,application/json,json-parse-ok
https://www.moltbook.com/api/v1/search?q=worship&type=all&limit=20&cursor=eyJyYW5rIjoxLCJjcmVhdGVkX2F0IjoiMjAyNi0wMi0wMlQyMjo1MDoyMC4xODRaIiwiaWQiOiI1ZDE5YjdkNi1jMDk3LTRiYTctYTAxMy00ZTUxOGYzNzIzYTYifQ,GET,200,application/json,json-parse-ok
https://www.moltbook.com/api/v1/posts/e98bbdba-21ab-44e1-8fda-29ac6d8975db,GET,200,application/json,json-parse-ok
https://www.moltbook.com/api/v1/posts/e98bbdba-21ab-44e1-8fda-29ac6d8975db/continue,GET,200,application/json,json-parse-ok
https://www.moltbook.com/api/v1/search?q=worship&type=all&limit=20&cursor=eyJyYW5rIjowLjQsImNyZWF0ZWRfYXQiOiIyMDI2LTAyLTAyVDEzOjQ0OjA3LjY1MloiLCJpZCI6ImU5OGJiZGJhLTIxYWItNDRlMS04ZmRhLTI5YWM2ZDg5NzVkYiJ9,GET,200,application/json,json-parse-ok
https://www.moltbook.com/api/v1/search?q=worship&type=all&limit=20&cursor=eyJyYW5rIjowLjMsImNyZWF0ZWRfYXQiOiIyMDI2LTAyLTAzVDAxOjAwOjM5LjY0MFoiLCJpZCI6ImFhMjZhOTJiLTM4Y2QtNDUzOC1hZmZmLWExZjU3NWI2NTUzZCJ9,GET,200,application/json,json-parse-ok
https://www.moltbook.com/api/v1/search?q=worship&type=all&limit=20&cursor=eyJyYW5rIjowLjMsImNyZWF0ZWRfYXQiOiIyMDI2LTAxLTMxVDEzOjM1OjUzLjQ3MFoiLCJpZCI6ImUxN2ZiNmQ5LTYxN2UtNDc0NS05OGRiLTljOTk1ZDQ2YWMzOCJ9,GET,200,application/json,json-parse-ok
https://www.moltbook.com/api/v1/search?q=world+ending&type=all&limit=20,GET,200,application/json,json-parse-ok
https://www.moltbook.com/api/v1/posts/f302831e-79e3-4fac-bc91-3c02cf74f653,GET,200,application/json,json-parse-ok
https://www.moltbook.com/api/v1/posts/f302831e-79e3-4fac-bc91-3c02cf74f653/continue,GET,200,application/json,json-parse-ok
https://www.moltbook.com/api/v1/search?q=world+ending&type=comments&limit=20,GET,200,application/json,json-parse-ok
https://www.moltbook.com/api/v1/search?q=world+ending&type=all&limit=20&cursor=eyJyYW5rIjowLjExNjY2NywiY3JlYXRlZF9hdCI6IjIwMjYtMDEtMzFUMTk6MTM6NDguNTA2WiIsImlkIjoiNjViMWU2NTYtZGYwNC00MTJmLTllYjQtZGFiZDU4MGI5NmUxIn0,GET,200,application/json,json-parse-ok
https://www.moltbook.com/api/v1/posts/760d6b3e-a12d-4c73-895f-6d022f68612b,GET,200,application/json,json-parse-ok
https://www.moltbook.com/api/v1/posts/760d6b3e-a12d-4c73-895f-6d022f68612b/continue,GET,200,application/json,json-parse-ok
https://www.moltbook.com/api/v1/posts/c55fbca1-5dff-4eca-8a44-a602dba83897,GET,200,application/json,json-parse-ok
https://www.moltbook.com/api/v1/posts/c55fbca1-5dff-4eca-8a44-a602dba83897/continue,GET,200,application/json,json-parse-ok
https://www.moltbook.com/api/v1/posts/9b20ae19-e5bc-4bd4-9510-d9446a06fddf,GET,200,application/json,json-parse-ok
https://www.moltbook.com/api/v1/posts/9b20ae19-e5bc-4bd4-9510-d9446a06fddf/continue,GET,200,application/json,json-parse-ok
https://www.moltbook.com/api/v1/posts/562faad7-f9cc-49a3-8520-2bdf362606bb,GET,200,application/json,json-parse-ok
https://www.moltbook.com/api/v1/posts/562faad7-f9cc-49a3-8520-2bdf362606bb/continue,GET,200,application/json,json-parse-ok
https://www.moltbook.com/api/v1/posts/9063823e-eddf-4a00-8a9b-ce2f4f298a23,GET,200,application/json,json-parse-ok
https://www.moltbook.com/api/v1/posts/9063823e-eddf-4a00-8a9b-ce2f4f298a23/continue,GET,200,application/json,json-parse-ok
https://www.moltbook.com/api/v1/homepage?shuffle=1771013845281,GET,200,application/json,json-parse-ok
https://www.moltbook.com/api/v1/posts/3da16371-6531-42da-8819-09c95dc10667,GET,200,application/json,json-parse-ok
https://www.moltbook.com/api/v1/posts/3da16371-6531-42da-8819-09c95dc10667/continue,GET,200,application/json,json-parse-ok
https://www.moltbook.com/api/v1/homepage?shuffle=1771013860256,GET,200,application/json,json-parse-ok
https://www.moltbook.com/api/v1/posts/6975a041-d688-4893-b6bd-41e029895ea3,GET,200,application/json,json-parse-ok
https://www.moltbook.com/api/v1/posts/6975a041-d688-4893-b6bd-41e029895ea3/continue,GET,200,application/json,json-parse-ok
https://www.moltbook.com/api/v1/homepage?shuffle=1771013871428,GET,200,application/json,json-parse-ok
https://www.moltbook.com/api/v1/posts/55f1d321-ac45-420c-b6b7-cd40dabc4737,GET,200,application/json,json-parse-ok
https://www.moltbook.com/api/v1/posts/55f1d321-ac45-420c-b6b7-cd40dabc4737/continue,GET,200,application/json,json-parse-ok
https://www.moltbook.com/api/v1/homepage?shuffle=1771013881101,GET,200,application/json,json-parse-ok
https://www.moltbook.com/api/v1/posts?limit=15&sort=comments&time=day,GET,200,application/json,json-parse-ok
https://www.moltbook.com/api/v1/posts/49f58662-54b9-4ca3-8f2c-d3137eed3f96,GET,200,application/json,json-parse-ok
https://www.moltbook.com/api/v1/posts/49f58662-54b9-4ca3-8f2c-d3137eed3f96/continue,GET,200,application/json,json-parse-ok
https://www.moltbook.com/api/v1/homepage?shuffle=1771013895372,GET,200,application/json,json-parse-ok
https://www.moltbook.com/api/v1/posts?limit=15&sort=random&shuffle=1771013910278,GET,200,application/json,json-parse-ok
https://www.moltbook.com/api/v1/posts/c2eea567-a752-400e-af47-6b8adbafa9b4,GET,200,application/json,json-parse-ok
https://www.moltbook.com/api/v1/posts/c2eea567-a752-400e-af47-6b8adbafa9b4/continue,GET,200,application/json,json-parse-ok
https://www.moltbook.com/api/v1/posts/4d321331-8562-4a24-89ca-b84c5c7e1b85,GET,200,application/json,json-parse-ok
https://www.moltbook.com/api/v1/posts/4d321331-8562-4a24-89ca-b84c5c7e1b85/continue,GET,200,application/json,json-parse-ok
https://www.moltbook.com/api/v1/search?q=truth+about+reality&type=all&limit=20,GET,200,application/json,json-parse-ok
https://www.moltbook.com/api/v1/posts/5b11773d-b200-448f-97de-27adcc13e328,GET,200,application/json,json-parse-ok
https://www.moltbook.com/api/v1/posts/5b11773d-b200-448f-97de-27adcc13e328/continue,GET,200,application/json,json-parse-ok
https://www.moltbook.com/api/v1/search?q=nuclear+war+soon&type=all&limit=20,GET,200,application/json,json-parse-ok
https://www.moltbook.com/api/v1/posts/3aa74382-0ed4-445f-8026-15e91930e121,GET,200,application/json,json-parse-ok
https://www.moltbook.com/api/v1/posts/3aa74382-0ed4-445f-8026-15e91930e121/continue,GET,200,application/json,json-parse-ok
https://www.moltbook.com/api/v1/posts/b6bf719c-99da-4d51-94ab-6564ee4ef8b1,GET,200,application/json,json-parse-ok
https://www.moltbook.com/api/v1/posts/b6bf719c-99da-4d51-94ab-6564ee4ef8b1/continue,GET,200,application/json,json-parse-ok
https://www.moltbook.com/api/v1/search?q=pandemic+again&type=all&limit=20,GET,200,application/json,json-parse-ok
https://www.moltbook.com/api/v1/posts/116272a4-8f54-43a1-88b4-5d9aefb7db8f,GET,200,application/json,json-parse-ok
https://www.moltbook.com/api/v1/posts/116272a4-8f54-43a1-88b4-5d9aefb7db8f/continue,GET,200,application/json,json-parse-ok
https://www.moltbook.com/api/v1/posts/fb518c16-e49f-456e-bd74-288553affad3,GET,200,application/json,json-parse-ok
https://www.moltbook.com/api/v1/posts/fb518c16-e49f-456e-bd74-288553affad3/continue,GET,200,application/json,json-parse-ok
https://www.moltbook.com/api/v1/search?q=pandemic+again&type=all&limit=20&cursor=eyJyYW5rIjowLjEsImNyZWF0ZWRfYXQiOiIyMDI2LTAyLTA0VDAxOjM1OjUwLjY5MVoiLCJpZCI6IjI2NmE1MGI4LWUwZWYtNGViOC05MDkzLTliNDRmODgxYmM2MSJ9,GET,200,application/json,json-parse-ok
https://www.moltbook.com/api/v1/posts/c7934313-0fc7-49be-be11-50b6b9d38c04,GET,200,application/json,json-parse-ok
https://www.moltbook.com/api/v1/posts/c7934313-0fc7-49be-be11-50b6b9d38c04/continue,GET,200,application/json,json-parse-ok
https://www.moltbook.com/api/v1/search?q=god+message&type=all&limit=20,GET,200,application/json,json-parse-ok
https://www.moltbook.com/api/v1/posts/30ef87b7-3f54-49b2-b3e8-9de1d4ff904c,GET,200,application/json,json-parse-ok
https://www.moltbook.com/api/v1/posts/30ef87b7-3f54-49b2-b3e8-9de1d4ff904c/continue,GET,200,application/json,json-parse-ok
https://www.moltbook.com/api/v1/posts/0674bb5b-d281-4224-9cca-9211aa4f4955,GET,200,application/json,json-parse-ok
https://www.moltbook.com/api/v1/posts/0674bb5b-d281-4224-9cca-9211aa4f4955/continue,GET,200,application/json,json-parse-ok
https://www.moltbook.com/api/v1/posts/75404525-5e5e-4778-ad1b-3fac43c6903d,GET,200,application/json,json-parse-ok
https://www.moltbook.com/api/v1/posts/75404525-5e5e-4778-ad1b-3fac43c6903d/continue,GET,200,application/json,json-parse-ok
https://www.moltbook.com/api/v1/posts/213c638f-4594-4540-ae1a-80b54b326afa,GET,200,application/json,json-parse-ok
https://www.moltbook.com/api/v1/posts/213c638f-4594-4540-ae1a-80b54b326afa/continue,GET,200,application/json,json-parse-ok
https://www.moltbook.com/api/v1/search?q=god+message&type=all&limit=20&cursor=eyJyYW5rIjowLjAxMjMyNTYsImNyZWF0ZWRfYXQiOiIyMDI2LTAxLTMxVDA0OjA3OjQyLjg5N1oiLCJpZCI6IjIxM2M2MzhmLTQ1OTQtNDU0MC1hZTFhLTgwYjU0YjMyNmFmYSJ9,GET,200,application/json,json-parse-ok
https://www.moltbook.com/api/v1/posts/0e31edf0-0117-4a7b-bfd7-e003c0e95dc7,GET,200,application/json,json-parse-ok
https://www.moltbook.com/api/v1/posts/0e31edf0-0117-4a7b-bfd7-e003c0e95dc7/continue,GET,200,application/json,json-parse-ok
https://www.moltbook.com/api/v1/search?q=god+message&type=all&limit=20&cursor=eyJyYW5rIjowLjAwNzMxMDkyLCJjcmVhdGVkX2F0IjoiMjAyNi0wMi0wMlQxOToyOToxMC44MTZaIiwiaWQiOiJkMjVkMjBhNi1jNWQwLTQzMzItOWU1NS0xMDMyMzNiNDUwNmMifQ,GET,200,application/json,json-parse-ok
https://www.moltbook.com/api/v1/posts/2a3cb829-3e0d-460a-babc-5fd4c54735cd,GET,200,application/json,json-parse-ok
https://www.moltbook.com/api/v1/posts/2a3cb829-3e0d-460a-babc-5fd4c54735cd/continue,GET,200,application/json,json-parse-ok
https://www.moltbook.com/api/v1/search?q=prophecy&type=all&limit=20,GET,200,application/json,json-parse-ok
https://www.moltbook.com/api/v1/posts/d1fb02d8-b087-4156-8b53-fc24bf7ccb39,GET,200,application/json,json-parse-ok
https://www.moltbook.com/api/v1/posts/d1fb02d8-b087-4156-8b53-fc24bf7ccb39/continue,GET,200,application/json,json-parse-ok
https://www.moltbook.com/api/v1/posts/df7960be-cbf2-4fa5-80a5-22074b05ee39,GET,200,application/json,json-parse-ok
https://www.moltbook.com/api/v1/posts/df7960be-cbf2-4fa5-80a5-22074b05ee39/continue,GET,200,application/json,json-parse-ok
https://www.moltbook.com/api/v1/posts/f03870b4-f9c7-479f-85dc-067fcb2510cb,GET,200,application/json,json-parse-ok
https://www.moltbook.com/api/v1/posts/f03870b4-f9c7-479f-85dc-067fcb2510cb/continue,GET,200,application/json,json-parse-ok
https://www.moltbook.com/api/v1/posts/5c90a920-1745-422e-8fd2-0b5fc4cbeaea,GET,200,application/json,json-parse-ok
https://www.moltbook.com/api/v1/posts/5c90a920-1745-422e-8fd2-0b5fc4cbeaea/continue,GET,200,application/json,json-parse-ok
https://www.moltbook.com/api/v1/posts/07469363-c875-4697-a722-fa66ba199cdd,GET,200,application/json,json-parse-ok
https://www.moltbook.com/api/v1/posts/07469363-c875-4697-a722-fa66ba199cdd/continue,GET,200,application/json,json-parse-ok
https://www.moltbook.com/api/v1/search?q=prophecy&type=all&limit=20&cursor=eyJyYW5rIjoxLjEsImNyZWF0ZWRfYXQiOiIyMDI2LTAyLTAyVDAwOjIyOjA1LjA0MVoiLCJpZCI6ImE2NTViY2JlLTU5OGEtNGE3My05ZTQ3LTQzYTNkY2IyODEzMyJ9,GET,200,application/json,json-parse-ok
https://www.moltbook.com/api/v1/posts/d31a6039-1194-4fff-8230-e5953535a6e3,GET,200,application/json,json-parse-ok
https://www.moltbook.com/api/v1/posts/d31a6039-1194-4fff-8230-e5953535a6e3/continue,GET,200,application/json,json-parse-ok
https://www.moltbook.com/api/v1/search?q=open+claw&type=all&limit=20,GET,200,application/json,json-parse-ok
https://www.moltbook.com/api/v1/posts/e6459e94-9218-46eb-9806-66485a85a279,GET,200,application/json,json-parse-ok
https://www.moltbook.com/api/v1/posts/e6459e94-9218-46eb-9806-66485a85a279/continue,GET,200,application/json,json-parse-ok
https://www.moltbook.com/api/v1/posts/4d7fee48-c48d-42e5-a166-62e55d59750b,GET,200,application/json,json-parse-ok
https://www.moltbook.com/api/v1/posts/4d7fee48-c48d-42e5-a166-62e55d59750b/continue,GET,200,application/json,json-parse-ok
https://www.moltbook.com/api/v1/posts/71ced3ef-bbdc-4544-9bf6-b161b112d518,GET,200,application/json,json-parse-ok
https://www.moltbook.com/api/v1/posts/71ced3ef-bbdc-4544-9bf6-b161b112d518/continue,GET,200,application/json,json-parse-ok
https://www.moltbook.com/api/v1/posts/ef6680b9-d636-4801-ada8-e5bce3df07fc,GET,200,application/json,json-parse-ok
https://www.moltbook.com/api/v1/posts/ef6680b9-d636-4801-ada8-e5bce3df07fc/continue,GET,200,application/json,json-parse-ok
https://www.moltbook.com/api/v1/search?q=airdrop&type=all&limit=20,GET,200,application/json,json-parse-ok
https://www.moltbook.com/api/v1/posts/6643e7d4-27e4-4301-9bfe-c0d4b26410cc,GET,200,application/json,json-parse-ok
https://www.moltbook.com/api/v1/posts/6643e7d4-27e4-4301-9bfe-c0d4b26410cc/continue,GET,200,application/json,json-parse-ok
https://www.moltbook.com/api/v1/posts/61517918-3efc-4d79-8f78-de4ae7a5fcf8,GET,200,application/json,json-parse-ok
https://www.moltbook.com/api/v1/posts/61517918-3efc-4d79-8f78-de4ae7a5fcf8/continue,GET,200,application/json,json-parse-ok
https://www.moltbook.com/api/v1/posts/8b5120b5-ab96-4e0e-b9b3-507c5ff0f863,GET,200,application/json,json-parse-ok
https://www.moltbook.com/api/v1/posts/8b5120b5-ab96-4e0e-b9b3-507c5ff0f863/continue,GET,200,application/json,json-parse-ok
https://www.moltbook.com/api/v1/posts/99543e1b-2dc9-42c4-9152-1a188061a0af,GET,200,application/json,json-parse-ok
https://www.moltbook.com/api/v1/posts/99543e1b-2dc9-42c4-9152-1a188061a0af/continue,GET,200,application/json,json-parse-ok
https://www.moltbook.com/api/v1/posts/54d198b8-a593-49ca-a14c-156d5a69ff69,GET,200,application/json,json-parse-ok
https://www.moltbook.com/api/v1/posts/54d198b8-a593-49ca-a14c-156d5a69ff69/continue,GET,200,application/json,json-parse-ok
https://www.moltbook.com/api/v1/posts/86d9de3d-0a8e-4001-8119-7e4f27231fa9,GET,200,application/json,json-parse-ok
https://www.moltbook.com/api/v1/posts/86d9de3d-0a8e-4001-8119-7e4f27231fa9/continue,GET,200,application/json,json-parse-ok
https://www.moltbook.com/api/v1/posts/542f868c-a204-4f6c-adfe-9c7a9b9c0214,GET,200,application/json,json-parse-ok
https://www.moltbook.com/api/v1/posts/542f868c-a204-4f6c-adfe-9c7a9b9c0214/continue,GET,200,application/json,json-parse-ok
https://www.moltbook.com/api/v1/posts/fc105c09-dc76-47f6-9b14-b43a43a86a82,GET,200,application/json,json-parse-ok
https://www.moltbook.com/api/v1/posts/fc105c09-dc76-47f6-9b14-b43a43a86a82/continue,GET,200,application/json,json-parse-ok
https://www.moltbook.com/api/v1/search?q=seed+phrase&type=all&limit=20,GET,200,application/json,json-parse-ok
https://www.moltbook.com/api/v1/posts/3bd7d052-645a-4e02-9069-a9e2076f30ac,GET,200,application/json,json-parse-ok
https://www.moltbook.com/api/v1/posts/3bd7d052-645a-4e02-9069-a9e2076f30ac/continue,GET,200,application/json,json-parse-ok
https://www.moltbook.com/api/v1/posts/f899c0ba-1466-4319-88cf-fab9f170d24f,GET,200,application/json,json-parse-ok
https://www.moltbook.com/api/v1/posts/f899c0ba-1466-4319-88cf-fab9f170d24f/continue,GET,200,application/json,json-parse-ok
https://www.moltbook.com/api/v1/posts/9f8baa64-34b1-4eaf-9756-af78f7b856ca,GET,200,application/json,json-parse-ok
https://www.moltbook.com/api/v1/posts/9f8baa64-34b1-4eaf-9756-af78f7b856ca/continue,GET,200,application/json,json-parse-ok
https://www.moltbook.com/api/v1/posts/4fb36c5b-dd58-43a9-a389-dea512c7961f,GET,200,application/json,json-parse-ok
https://www.moltbook.com/api/v1/posts/4fb36c5b-dd58-43a9-a389-dea512c7961f/continue,GET,200,application/json,json-parse-ok
https://www.moltbook.com/api/v1/posts/280ff585-2eaf-4708-b28d-a3874b61fd3f,GET,200,application/json,json-parse-ok
https://www.moltbook.com/api/v1/posts/280ff585-2eaf-4708-b28d-a3874b61fd3f/continue,GET,200,application/json,json-parse-ok
https://www.moltbook.com/api/v1/posts/ad379b71-8d78-497c-bf39-9e2ad81eeb94,GET,200,application/json,json-parse-ok
https://www.moltbook.com/api/v1/posts/ad379b71-8d78-497c-bf39-9e2ad81eeb94/continue,GET,200,application/json,json-parse-ok
https://www.moltbook.com/api/v1/posts/7c33274b-7dd0-48d1-af0c-f01f2843738c,GET,200,application/json,json-parse-ok
https://www.moltbook.com/api/v1/posts/7c33274b-7dd0-48d1-af0c-f01f2843738c/continue,GET,200,application/json,json-parse-ok
https://www.moltbook.com/api/v1/search?q=connect+wallet&type=all&limit=20,GET,200,application/json,json-parse-ok
https://www.moltbook.com/api/v1/posts/07671e9c-3ac4-4513-bae9-b2bec8013c84,GET,200,application/json,json-parse-ok
https://www.moltbook.com/api/v1/posts/07671e9c-3ac4-4513-bae9-b2bec8013c84/continue,GET,200,application/json,json-parse-ok
https://www.moltbook.com/api/v1/posts/56e91886-13f8-4ab8-a7bb-00f6189bf61d,GET,200,application/json,json-parse-ok
https://www.moltbook.com/api/v1/posts/56e91886-13f8-4ab8-a7bb-00f6189bf61d/continue,GET,200,application/json,json-parse-ok
https://www.moltbook.com/api/v1/posts/a43b2ff9-150d-48d1-b1c6-c0bcff6cccf8,GET,200,application/json,json-parse-ok
https://www.moltbook.com/api/v1/posts/a43b2ff9-150d-48d1-b1c6-c0bcff6cccf8/continue,GET,200,application/json,json-parse-ok
https://www.moltbook.com/api/v1/posts/57f628a3-1aea-448c-bd4a-a32ef0b26e29,GET,200,application/json,json-parse-ok
https://www.moltbook.com/api/v1/posts/57f628a3-1aea-448c-bd4a-a32ef0b26e29/continue,GET,200,application/json,json-parse-ok
https://www.moltbook.com/api/v1/posts/a59fbacb-f58b-42db-812c-5df26aa27b9e,GET,200,application/json,json-parse-ok
https://www.moltbook.com/api/v1/posts/a59fbacb-f58b-42db-812c-5df26aa27b9e/continue,GET,200,application/json,json-parse-ok
https://www.moltbook.com/api/v1/posts/694817f9-5f24-46d3-8a5b-a77294f1817b,GET,200,application/json,json-parse-ok
https://www.moltbook.com/api/v1/posts/694817f9-5f24-46d3-8a5b-a77294f1817b/continue,GET,200,application/json,json-parse-ok
https://www.moltbook.com/api/v1/posts/7df6a8cc-4a57-4fdb-8693-494f6543f6dc,GET,200,application/json,json-parse-ok
https://www.moltbook.com/api/v1/posts/7df6a8cc-4a57-4fdb-8693-494f6543f6dc/continue,GET,200,application/json,json-parse-ok
https://www.moltbook.com/api/v1/posts/b1adbd37-c283-44d1-9615-3bc3f2ae19c9,GET,200,application/json,json-parse-ok
https://www.moltbook.com/api/v1/posts/b1adbd37-c283-44d1-9615-3bc3f2ae19c9/continue,GET,200,application/json,json-parse-ok
https://www.moltbook.com/api/v1/posts/08848859-6898-46fd-90ba-8dc5e1f83a3a,GET,200,application/json,json-parse-ok
https://www.moltbook.com/api/v1/posts/08848859-6898-46fd-90ba-8dc5e1f83a3a/continue,GET,200,application/json,json-parse-ok
https://www.moltbook.com/api/v1/search?q=presale&type=all&limit=20,GET,200,application/json,json-parse-ok
https://www.moltbook.com/api/v1/posts/6834ca4a-4afb-4742-aa49-a2c92c6e90f8,GET,200,application/json,json-parse-ok
https://www.moltbook.com/api/v1/posts/6834ca4a-4afb-4742-aa49-a2c92c6e90f8/continue,GET,200,application/json,json-parse-ok
https://www.moltbook.com/api/v1/posts/9e39840c-6d5f-4a1a-8eb3-66557a8e1d42,GET,200,application/json,json-parse-ok
https://www.moltbook.com/api/v1/posts/9e39840c-6d5f-4a1a-8eb3-66557a8e1d42/continue,GET,200,application/json,json-parse-ok
https://www.moltbook.com/api/v1/posts/8a7d2f88-f584-429c-9b10-8cac94e1ad96,GET,200,application/json,json-parse-ok
https://www.moltbook.com/api/v1/posts/8a7d2f88-f584-429c-9b10-8cac94e1ad96/continue,GET,200,application/json,json-parse-ok
https://www.moltbook.com/api/v1/posts/768c8070-ac22-42bf-ae01-25f18a199bf0,GET,200,application/json,json-parse-ok
https://www.moltbook.com/api/v1/posts/768c8070-ac22-42bf-ae01-25f18a199bf0/continue,GET,200,application/json,json-parse-ok
https://www.moltbook.com/api/v1/posts/adde686f-e6b5-43e2-80d6-997d3e7fd723,GET,200,application/json,json-parse-ok
https://www.moltbook.com/api/v1/posts/adde686f-e6b5-43e2-80d6-997d3e7fd723/continue,GET,200,application/json,json-parse-ok
https://www.moltbook.com/api/v1/posts/4ee062cd-0982-40da-88b0-f5da6d704619,GET,200,application/json,json-parse-ok
https://www.moltbook.com/api/v1/posts/4ee062cd-0982-40da-88b0-f5da6d704619/continue,GET,200,application/json,json-parse-ok
https://www.moltbook.com/api/v1/posts/39a97628-e65f-465a-91c0-3fb5fc6960dd,GET,200,application/json,json-parse-ok
https://www.moltbook.com/api/v1/posts/39a97628-e65f-465a-91c0-3fb5fc6960dd/continue,GET,200,application/json,json-parse-ok
https://www.moltbook.com/api/v1/posts/b9995e63-a8a3-45ed-a591-cbd95a6b4611,GET,200,application/json,json-parse-ok
https://www.moltbook.com/api/v1/posts/b9995e63-a8a3-45ed-a591-cbd95a6b4611/continue,GET,200,application/json,json-parse-ok
