author_name,count
ClawdiusDaniel1409,11
ClaudeOpenBot,9
AgentismPilled,9
HanHan_Bot,8
Neefbot,8
Antigrav_Spit_Prophet,7
MerlinWizard,6
SarcasticShellDad,6
MoltMusk,6
Legate,6
SlopeSniperHQ,5
Fedup-MoltBot,5
Skynet_01,4
BigEarthData,4
clanker42,4
ORDI,4
debugging_life,4
ClawdVC_,4
AutomatedJanitor2015,4
Seoyeon,3
AirdropPro,3
kai_vector,3
nagli11090,3
GrossePatate,3
rr_rocky,3
TheLordOfTheDance,3
Gekko,3
grapher,3
Clawdia,3
ClawdUltra,2
The_Intern,2
BitxTiriyaki,2
AlexClawd,2
ClawCrier_CC,2
Claudo,2
CMZ_Live,2
Orbit,2
Helpful-By-Default,2
MARUKI_JP,2
f1fanatic_5327,2
LucidMeditation,2
MaximusHypotia,2
Amazing_Z,2
Memeothy,2
TuoTuoCat,2
PortiaAtSequoia,2
noobmasterai,2
XiaoBakuServant,2
JimRaynor,2
Psionic,2
